Constituency,Mandal,Village,Contact Count
"Chilakaluripeta","Chilakaluripeta","BC cell Presideny",5
"Chilakaluripeta","Chilakaluripeta","BOPPUDI",3
"Chilakaluripeta","Chilakaluripeta","Bc Cell State Comity",15
"Chilakaluripeta","Chilakaluripeta","DANDAMUDI",3
"Chilakaluripeta","Chilakaluripeta","EDAVALLI",2
"Chilakaluripeta","Chilakaluripeta","GANGANNAPALEM",2
"Chilakaluripeta","Chilakaluripeta","GOPALAMVARIPALEM",3
"Chilakaluripeta","Chilakaluripeta","GOTTIPADU",2
"Chilakaluripeta","Chilakaluripeta","GOVINDAPURAM",2
"Chilakaluripeta","Chilakaluripeta","KAMMARIPALEM",2
"Chilakaluripeta","Chilakaluripeta","KATTUBADIVARIPALEM",2
"Chilakaluripeta","Chilakaluripeta","KAVURU",2
"Chilakaluripeta","Chilakaluripeta","KOMATINENIVARIPALEM",1
"Chilakaluripeta","Chilakaluripeta","KUKKAPALLIVARIPALEM",2
"Chilakaluripeta","Chilakaluripeta","LINGAMGUNTLA",3
"Chilakaluripeta","Chilakaluripeta","MADDIRALA",2
"Chilakaluripeta","Chilakaluripeta","MANUKONDAVARIPALEM",2
"Chilakaluripeta","Chilakaluripeta","MURIKIPUDI",1
"Chilakaluripeta","Chilakaluripeta","PASUMARRU",2
"Chilakaluripeta","Chilakaluripeta","POTHAVARAM",2
"Chilakaluripeta","Chilakaluripeta","RAJAPETA",3
"Chilakaluripeta","Chilakaluripeta","RAMACHANDRAPURAM",1
"Chilakaluripeta","Chilakaluripeta","Rural president",1
"Chilakaluripeta","Chilakaluripeta","SC Cell",8
"Chilakaluripeta","Chilakaluripeta","Sc Cell",6
"Chilakaluripeta","Chilakaluripeta","Supporters",36
"Chilakaluripeta","Chilakaluripeta","TATAPUDI",1
"Chilakaluripeta","Chilakaluripeta","Town President",8
"Chilakaluripeta","Chilakaluripeta","VELURU",2
"Chilakaluripeta","Edlapadu","BOYAPALEM",3
"Chilakaluripeta","Edlapadu","CHANGISKHAN PETA",2
"Chilakaluripeta","Edlapadu","DINTENAPADU",3
"Chilakaluripeta","Edlapadu","EDLAPADU",5
"Chilakaluripeta","Edlapadu","GUTTUVARI PALME",3
"Chilakaluripeta","Edlapadu","JAGGAPURAM",4
"Chilakaluripeta","Edlapadu","JALADI",3
"Chilakaluripeta","Edlapadu","KARUCHOLA",4
"Chilakaluripeta","Edlapadu","KONDAVEEDU",4
"Chilakaluripeta","Edlapadu","KONDAVEEDU KOTA",4
"Chilakaluripeta","Edlapadu","KOTHAPALEM (PUTTAKOTA)",3
"Chilakaluripeta","Edlapadu","LINGARAOPALEM",6
"Chilakaluripeta","Edlapadu","MYDAVOLU",3
"Chilakaluripeta","Edlapadu","SANDEPUDI",3
"Chilakaluripeta","Edlapadu","SOLASA",4
"Chilakaluripeta","Edlapadu","THIMMAPURAM",5
"Chilakaluripeta","Edlapadu","THURLAPADU",5
"Chilakaluripeta","Edlapadu","UNNAVA",5
"Chilakaluripeta","Edlapadu","UPPLAPALEM",3
"Chilakaluripeta","Edlapadu","VANKAYALAPADU",2
"Chilakaluripeta","Nadendla","Amin Saheb Palem",4
"Chilakaluripeta","Nadendla","Appa Puram",4
"Chilakaluripeta","Nadendla","Bukka Puram",2
"Chilakaluripeta","Nadendla","Chandavaram",3
"Chilakaluripeta","Nadendla","Chirumaamilla",5
"Chilakaluripeta","Nadendla","Endugum Palem",4
"Chilakaluripeta","Nadendla","Ganapavaram",3
"Chilakaluripeta","Nadendla","Gurijavolu",3
"Chilakaluripeta","Nadendla","Irlapaadu",3
"Chilakaluripeta","Nadendla","Jangalapalli",4
"Chilakaluripeta","Nadendla","Kanaparru",6
"Chilakaluripeta","Nadendla","Nadendla",8
"Chilakaluripeta","Nadendla","Sankuraathripaadu",5
"Chilakaluripeta","Nadendla","Sathuluru",9
"Chilakaluripeta","Nadendla","Thubaadu",6
"Gurajala","Dachepalli","Agraharam",15
"Gurajala","Dachepalli","Bhatrupalem",10
"Gurajala","Dachepalli","Dachepalli",20
"Gurajala","Dachepalli","Gamalapadu & Sankarapuram (Gamalapdu Panchyeth)",19
"Gurajala","Dachepalli","Katrapadu",15
"Gurajala","Dachepalli","Kesanupalli",15
"Gurajala","Dachepalli","Kothuru",14
"Gurajala","Dachepalli","Madinapadu",10
"Gurajala","Dachepalli","Muthyalampadu",15
"Gurajala","Dachepalli","Nadikudi",20
"Gurajala","Dachepalli","Pedagarlapadu",10
"Gurajala","Dachepalli","Pondugula - Sreenivasapuram (Pondugula Panchayerthi)",18
"Gurajala","Dachepalli","Ramapuram",18
"Gurajala","Dachepalli","Srinagar",13
"Gurajala","Dachepalli","Thakkellapd",13
"Gurajala","Dachepalli","Thangeda",10
"Gurajala","Gurajala","BUDHAVADA",2
"Gurajala","Gurajala","CHARLAGUDIPADU",3
"Gurajala","Gurajala","DAIDA",3
"Gurajala","Gurajala","GANGAVARAM",4
"Gurajala","Gurajala","GOGULAPADU",3
"Gurajala","Gurajala","GOTTEMUKKALA",3
"Gurajala","Gurajala","GURAZALA",7
"Gurajala","Gurajala","KOTHA AMBAPURAM",1
"Gurajala","Gurajala","MADUGULA",7
"Gurajala","Gurajala","PALLEGUNTHA",3
"Gurajala","Gurajala","PATHA AMBAPURAM",2
"Gurajala","Gurajala","PULIPADU",10
"Gurajala","Gurajala","SAMADHANAM PETA",3
"Gurajala","Gurajala","THELUKUTLA",3
"Gurajala","Machavaram","కేజీ పాడు",2
"Gurajala","Machavaram","కొత్తపాలెం",5
"Gurajala","Machavaram","గంగిరెడ్డిపాలెం",2
"Gurajala","Machavaram","గోవిందాపురం",1
"Gurajala","Machavaram","చెన్నై పాలెం",2
"Gurajala","Machavaram","జనసేన పార్టీ",2
"Gurajala","Machavaram","తురకపాలెం",2
"Gurajala","Machavaram","పిన్నెల్లి",3
"Gurajala","Machavaram","పిల్లుట్ల",3
"Gurajala","Machavaram","భారతీయ జనతా పార్టీ",2
"Gurajala","Machavaram","మల్లవోలు",2
"Gurajala","Machavaram","మాచవరం",10
"Gurajala","Machavaram","మొర్జంపాడు",5
"Gurajala","Machavaram","వేమవరం",2
"Gurajala","Machavaram","శ్రీ రుక్మిణ పురం",2
"Gurajala","Piduguralla","Ayyapa nagar",5
"Gurajala","Piduguralla","Brahmanapalli",13
"Gurajala","Piduguralla","Chennai palem",5
"Gurajala","Piduguralla","Chinna Aghram",3
"Gurajala","Piduguralla","Gutthikonda",18
"Gurajala","Piduguralla","Janapadu",37
"Gurajala","Piduguralla","Jullakallu",14
"Gurajala","Piduguralla","Kamepalli",5
"Gurajala","Piduguralla","Karalapadu",12
"Gurajala","Piduguralla","Konaki",1
"Gurajala","Piduguralla","Konanki",11
"Gurajala","Piduguralla","New Vellampalli",3
"Gurajala","Piduguralla","Panditivaripalem",6
"Gurajala","Piduguralla","Patha Ganesunipadu",8
"Gurajala","Piduguralla","Pedda Aghram",5
"Gurajala","Piduguralla","Pidugurala Town",235
"Gurajala","Piduguralla","Thummalacheruvu",17
"Gurajala","Piduguralla","Veerapuram",10
"Gurajala","Piduguralla","brahmanaplli",1
"Gurajala","Piduguralla","janapadu",1
"Gurajala","Thummalacheruvu","Thummalacheruvu",1
"Gurajala","Veerapuram","Veerapuram",1
"Macharla","Durgi","AATMAKURU",1
"Macharla","Durgi","ADIGOPPALA",4
"Macharla","Durgi","DARMAVARAM",3
"Macharla","Durgi","DURGI",5
"Macharla","Durgi","Durgi",3
"Macharla","Durgi","GAJAPURAM",1
"Macharla","Durgi","JANGA MAHESWARAPADU",1
"Macharla","Durgi","KANCHARAGUNTA",2
"Macharla","Durgi","KOLAGUTLA",3
"Macharla","Durgi","LAKSHMIPURAM TANDA",1
"Macharla","Durgi","MANGAPURAM TANDA",1
"Macharla","Durgi","MUTUKURU",4
"Macharla","Durgi","NEHRUNAGAR TANDA",1
"Macharla","Durgi","NIDANAMPADU,RAJANAGAR",3
"Macharla","Durgi","OBULESHPALLI",4
"Macharla","Durgi","POLEPALLI",4
"Macharla","Durgi","SHYAMA RAJA PURAM",1
"Macharla","Durgi","Shyma rajapuram",1
"Macharla","Durgi","TERALA",1
"Macharla","Karempudi","Brhmanaidu colony",3
"Macharla","Karempudi","Karampudi town",12
"Macharla","Karempudi","Vyapakampalli",7
"Macharla","Karempudi","battuvaripalli",9
"Macharla","Karempudi","china garlapadu",18
"Macharla","Karempudi","china kodamalla",14
"Macharla","Karempudi","chinthapalli",20
"Macharla","Karempudi","gajuvaripalli",6
"Macharla","Karempudi","imparajupalli",19
"Macharla","Karempudi","kachavaram",17
"Macharla","Karempudi","kakanivari palem",2
"Macharla","Karempudi","lakshmipuram",1
"Macharla","Karempudi","miryala",22
"Macharla","Karempudi","naramala padu",8
"Macharla","Karempudi","oppicharla",13
"Macharla","Karempudi","pedakodamgolla",3
"Macharla","Karempudi","petasanigalla",18
"Macharla","Karempudi","reddypalem",1
"Macharla","Rentachintala","Goli",1
"Macharla","Rentachintala","Jettipalem",2
"Macharla","Rentachintala","Mallavaram",1
"Macharla","Rentachintala","Manchikallu",2
"Macharla","Rentachintala","Mittagudipadu",1
"Macharla","Rentachintala","Palvayi",2
"Macharla","Rentachintala","Palvayi Gate",2
"Macharla","Rentachintala","Pasarlapadu",2
"Macharla","Rentachintala","Rentachintala Town",10
"Macharla","Rentachintala","Thummakota",2
"Narasaraopet","Narasaraopet","ACHAMPALEM",2
"Narasaraopet","Narasaraopet","ALLURIVARI PALEM",5
"Narasaraopet","Narasaraopet","ARAVAPALLI",6
"Narasaraopet","Narasaraopet","CHINA TURAKAPALEM",5
"Narasaraopet","Narasaraopet","CHINTALAPALEM",5
"Narasaraopet","Narasaraopet","DONDAPADU",8
"Narasaraopet","Narasaraopet","GONEPUDI",7
"Narasaraopet","Narasaraopet","GURAVAYAPALEM",5
"Narasaraopet","Narasaraopet","IKKURTHI",11
"Narasaraopet","Narasaraopet","ISSAPALEM",9
"Narasaraopet","Narasaraopet","JONNALAGADDA",7
"Narasaraopet","Narasaraopet","K M AGRAHARAM",10
"Narasaraopet","Narasaraopet","KAKANI",9
"Narasaraopet","Narasaraopet","KESANUPALLI",7
"Narasaraopet","Narasaraopet","KONDAKAVURU",5
"Narasaraopet","Narasaraopet","KOTHAPALEM",6
"Narasaraopet","Narasaraopet","LINGAMGUNTLA",8
"Narasaraopet","Narasaraopet","MULAKALURU",13
"Narasaraopet","Narasaraopet","Narasarao Peta Town",98
"Narasaraopet","Narasaraopet","PALAPADU",8
"Narasaraopet","Narasaraopet","PAMIDIMARRU",7
"Narasaraopet","Narasaraopet","PAMIDIPADU",12
"Narasaraopet","Narasaraopet","PEDA TURAKAPALEM",6
"Narasaraopet","Narasaraopet","PEDDAREDDY PALEM",8
"Narasaraopet","Narasaraopet","PETRUVARI PALEM",7
"Narasaraopet","Narasaraopet","RANGAREDDY PALEM",1
"Narasaraopet","Narasaraopet","RAVIPADU",16
"Narasaraopet","Narasaraopet","UPPALAPDU",9
"Narasaraopet","Narasaraopet","YAKKALAVARIPALEM",3
"Narasaraopet","Narasaraopet","YALAMANDA",9
"Narasaraopet","Rompicherla","Achaya palem",3
"Narasaraopet","Rompicherla","Achiyapallem",1
"Narasaraopet","Rompicherla","Alavala",2
"Narasaraopet","Rompicherla","Alavalla",2
"Narasaraopet","Rompicherla","Anaram",1
"Narasaraopet","Rompicherla","Annavara padu",2
"Narasaraopet","Rompicherla","Annavaram",13
"Narasaraopet","Rompicherla","Annavarapadu",2
"Narasaraopet","Rompicherla","Arepalli",6
"Narasaraopet","Rompicherla","Buchi papana Palem",1
"Narasaraopet","Rompicherla","Buchipapanapalem",2
"Narasaraopet","Rompicherla","Chakali kunta",1
"Narasaraopet","Rompicherla","Chakalikunta",1
"Narasaraopet","Rompicherla","Chitti potuula palem",2
"Narasaraopet","Rompicherla","Chittipothulapallem",1
"Narasaraopet","Rompicherla","Dasaripalem",4
"Narasaraopet","Rompicherla","Dasaripallem",2
"Narasaraopet","Rompicherla","Edwartpet",2
"Narasaraopet","Rompicherla","Edwat Pet",8
"Narasaraopet","Rompicherla","Gogula padu",7
"Narasaraopet","Rompicherla","Gogulupadu",1
"Narasaraopet","Rompicherla","Karlakunta",1
"Narasaraopet","Rompicherla","Kona Kachivari Palam",8
"Narasaraopet","Rompicherla","Konakanchivaripallem",1
"Narasaraopet","Rompicherla","Koptha Palli",10
"Narasaraopet","Rompicherla","Kothapalli",1
"Narasaraopet","Rompicherla","Machavaram",4
"Narasaraopet","Rompicherla","Marichettupalem",1
"Narasaraopet","Rompicherla","Muna Maka",7
"Narasaraopet","Rompicherla","Munamaka",2
"Narasaraopet","Rompicherla","Muthana palli",7
"Narasaraopet","Rompicherla","Muthanapalli",2
"Narasaraopet","Rompicherla","Nallagarla Padu",4
"Narasaraopet","Rompicherla","Nallagarlapadu",1
"Narasaraopet","Rompicherla","Paragaticherla",5
"Narasaraopet","Rompicherla","Rami Reddy Palem",2
"Narasaraopet","Rompicherla","RamiReddypalem",1
"Narasaraopet","Rompicherla","Rompicharla",1
"Narasaraopet","Rompicherla","Rompicherla",18
"Narasaraopet","Rompicherla","Rythu Nagar",1
"Narasaraopet","Rompicherla","Rythu nagar (raithu nagar)",3
"Narasaraopet","Rompicherla","Santhagudi Padu",3
"Narasaraopet","Rompicherla","Subbaiah palem",8
"Narasaraopet","Rompicherla","Subbaipallem",2
"Narasaraopet","Rompicherla","Thurumella",4
"Narasaraopet","Rompicherla","Tungapadu",9
"Narasaraopet","Rompicherla","Turimella",2
"Narasaraopet","Rompicherla","Vadlamudivari Palem",8
"Narasaraopet","Rompicherla","Vadlamudivaripallem",1
"Narasaraopet","Rompicherla","Veeravatram",12
"Narasaraopet","Rompicherla","Viparlla",1
"Narasaraopet","Rompicherla","Viparlla Reddypallem",2
"Narasaraopet","Rompicherla","Vipparla",3
"Narasaraopet","Rompicherla","Vipparla Agraharam",1
"Narasaraopet","Rompicherla","Vipparla Reddy Palem",8
"Narasaraopet","Rompicherla","Vipparlapally Aghraharam",6
"Narasaraopet","Rompicherla","karla Kunta",8
"Narasaraopet","Rompicherla","marrichetta palem",5
"Narasaraopet","Rompicherla","santhagudi padu",10
"Pedakurapadu","Amaravathi","Amaravathi",19
"Pedakurapadu","Amaravathi","Attaluru",10
"Pedakurapadu","Amaravathi","Chavapadu",6
"Pedakurapadu","Amaravathi","Dharanikota",19
"Pedakurapadu","Amaravathi","Didugu",17
"Pedakurapadu","Amaravathi","Endroi",13
"Pedakurapadu","Amaravathi","Jupudi",9
"Pedakurapadu","Amaravathi","Karlapudi",14
"Pedakurapadu","Amaravathi","Lemalle",13
"Pedakurapadu","Amaravathi","Lingapuram",11
"Pedakurapadu","Amaravathi","Malladi + Pondugala",12
"Pedakurapadu","Amaravathi","Mandepudi",11
"Pedakurapadu","Amaravathi","Munagodu + Turagavarpalem",10
"Pedakurapadu","Amaravathi","Muttayapalem",6
"Pedakurapadu","Amaravathi","Narukullapadu + Enikapadu",10
"Pedakurapadu","Amaravathi","Nemalikallu",10
"Pedakurapadu","Amaravathi","Pedamadduru",10
"Pedakurapadu","Amaravathi","Unguturu",13
"Pedakurapadu","Amaravathi","Vykuntapuram",10
"Pedakurapadu","Bellamkonda","Balamkonda",6
"Pedakurapadu","Bellamkonda","Chandrabupamlem",3
"Pedakurapadu","Bellamkonda","Gangireddypalem",4
"Pedakurapadu","Bellamkonda","Kotha Palem",9
"Pedakurapadu","Bellamkonda","Machayapalem",5
"Pedakurapadu","Bellamkonda","Mansesun Palem",3
"Pedakurapadu","Bellamkonda","Nagireddy Palli",6
"Pedakurapadu","Bellamkonda","Nandirama Palem",3
"Pedakurapadu","Bellamkonda","Pamaya Palam",6
"Pedakurapadu","Bellamkonda","RSR",13
"Pedakurapadu","Bellamkonda","Ramanjaneyapuram",2
"Pedakurapadu","Bellamkonda","SD Addul Mallid",1
"Pedakurapadu","Bellamkonda","Venayapalem",4
"Pedakurapadu","Bellamkonda","venkatayapalem",6
"Pedakurapadu","Krosuru","88Talluru",3
"Pedakurapadu","Krosuru","Anantavaram",3
"Pedakurapadu","Krosuru","Andukuru",2
"Pedakurapadu","Krosuru","Avaluvare Pallam",3
"Pedakurapadu","Krosuru","Balemarru",2
"Pedakurapadu","Krosuru","Dodleru",2
"Pedakurapadu","Krosuru","Gadevaripalle",2
"Pedakurapadu","Krosuru","Garikapadu",3
"Pedakurapadu","Krosuru","Gudipadu",2
"Pedakurapadu","Krosuru","Hasanabad",2
"Pedakurapadu","Krosuru","Krosur",3
"Pedakurapadu","Krosuru","Krosur Mandal",4
"Pedakurapadu","Krosuru","Nagavaram",3
"Pedakurapadu","Krosuru","Perikapadu",2
"Pedakurapadu","Krosuru","Uyyandana",2
"Pedakurapadu","Krosuru","Vipparla",3
"Pedakurapadu","Krosuru","bayyavaram",2
"Pedakurapadu","Krosuru","ootukuru",2
"Pedakurapadu","Krosuru","peesapadu &parupalle",5
"Pedakurapadu","Pedakurapadu","75 Thalluru",17
"Pedakurapadu","Pedakurapadu","Abbaraju Palem",8
"Pedakurapadu","Pedakurapadu","Balusupadu",9
"Pedakurapadu","Pedakurapadu","Buchiya Palem",11
"Pedakurapadu","Pedakurapadu","China Makkena",11
"Pedakurapadu","Pedakurapadu","Garapadu",10
"Pedakurapadu","Pedakurapadu","Hussan Nagaram",7
"Pedakurapadu","Pedakurapadu","Jalalapuram",12
"Pedakurapadu","Pedakurapadu","Kambhampadu",13
"Pedakurapadu","Pedakurapadu","Kannegandla",14
"Pedakurapadu","Pedakurapadu","Kasipadu",10
"Pedakurapadu","Pedakurapadu","Lagadapadu",10
"Pedakurapadu","Pedakurapadu","Lingamguntla",23
"Pedakurapadu","Pedakurapadu","Mussapuram",12
"Pedakurapadu","Pedakurapadu","Parasa",11
"Pedakurapadu","Pedakurapadu","Patibandla",14
"Pedakurapadu","Pedakurapadu","Podapadu",8
"Pedakurapadu","Pedakurapadu","Ramapuram",15
"Pedakurapadu","Pedakurapadu","Thamma Varam",10
"Sathenapalli","Muppalla","Bollavaram",3
"Sathenapalli","Muppalla","Chagantivaripalem",2
"Sathenapalli","Muppalla","Dammalapadu",3
"Sathenapalli","Muppalla","Gollapadu",2
"Sathenapalli","Muppalla","Irukupalem",4
"Sathenapalli","Muppalla","Kandulavaripalem",3
"Sathenapalli","Muppalla","Kunduruvaripalem",1
"Sathenapalli","Muppalla","Lankelakurapadu",3
"Sathenapalli","Muppalla","Madala",10
"Sathenapalli","Muppalla","Muppalla",12
"Sathenapalli","Muppalla","Narnepadu",6
"Sathenapalli","Muppalla","Paludevarlapadu",2
"Sathenapalli","Muppalla","Rudravaram",7
"Sathenapalli","Muppalla","Thondapi",2
"Sathenapalli","Muppalla","Tondapi",4
"Sathenapalli","Muppalla","Turakapalem",3
"Sathenapalli","Muppalla","dammalapadu",1
"Sathenapalli","Rajupalem","Anchulavaripalem",2
"Sathenapalli","Rajupalem","Anupalem",2
"Sathenapalli","Rajupalem","Balijepalli",2
"Sathenapalli","Rajupalem","Bramhanapalli",2
"Sathenapalli","Rajupalem","Chowtapapayapalem",1
"Sathenapalli","Rajupalem","Ganapavaram",4
"Sathenapalli","Rajupalem","Inimetla",2
"Sathenapalli","Rajupalem","Kondamodu",3
"Sathenapalli","Rajupalem","Kotanemalaipuri",2
"Sathenapalli","Rajupalem","Kothapalem",1
"Sathenapalli","Rajupalem","Mokkapadu",2
"Sathenapalli","Rajupalem","Nemalipuri",4
"Sathenapalli","Rajupalem","R&R Center",1
"Sathenapalli","Rajupalem","Rajupalem",3
"Sathenapalli","Rajupalem","Reddygudem",2
"Sathenapalli","Rajupalem","Uppalapadu",2
"Sathenapalli","Sattenapalli","(unknown)",200
"Sathenapalli","Sattenapalli","Abburu",8
"Sathenapalli","Sattenapalli","Bhatluru",4
"Sathenapalli","Sattenapalli","Bhimavaram",6
"Sathenapalli","Sattenapalli","Bhrugubanda",3
"Sathenapalli","Sattenapalli","Brugubanda",2
"Sathenapalli","Sattenapalli","DD Palem",3
"Sathenapalli","Sattenapalli","Dhulipalla",3
"Sathenapalli","Sattenapalli","Dhullipalla",1
"Sathenapalli","Sattenapalli","Dullipalla",6
"Sathenapalli","Sattenapalli","Gandluru",3
"Sathenapalli","Sattenapalli","Garnepudi",3
"Sathenapalli","Sattenapalli","Gogulapadu",1
"Sathenapalli","Sattenapalli","Gorantla",4
"Sathenapalli","Sattenapalli","Gudipudi",6
"Sathenapalli","Sattenapalli","Gujjarlapudi",4
"Sathenapalli","Sattenapalli","Kandulavaripalem",4
"Sathenapalli","Sattenapalli","Kankanalapalli",7
"Sathenapalli","Sattenapalli","Kantepudi",4
"Sathenapalli","Sattenapalli","Kattamuru",7
"Sathenapalli","Sattenapalli","Kattavaripalem",6
"Sathenapalli","Sattenapalli","Komerapudi",8
"Sathenapalli","Sattenapalli","Kundurivaripalem",1
"Sathenapalli","Sattenapalli","L Garlapadu",1
"Sathenapalli","Sattenapalli","Lakkaraju Garlapadu",9
"Sathenapalli","Sattenapalli","Lakshmipuram",3
"Sathenapalli","Sattenapalli","Nadigam",2
"Sathenapalli","Sattenapalli","Nandigama",12
"Sathenapalli","Sattenapalli","Pakalapadu",6
"Sathenapalli","Sattenapalli","Pedamakkena",5
"Sathenapalli","Sattenapalli","Peddamakkena",5
"Sathenapalli","Sattenapalli","Phanidam",8
"Sathenapalli","Sattenapalli","Rentapalla",13
"Sathenapalli","Sattenapalli","Vennadevi",2
"Sathenapalli","Sattenapalli","brugubandla",3
"Vinukonda","Bollapalle","ANUMULACHERUVU",1
"Vinukonda","Bollapalle","AYYANNA PALEM",2
"Vinukonda","Bollapalle","BANDLAMOTU",1
"Vinukonda","Bollapalle","BOLLAPALLE",2
"Vinukonda","Bollapalle","CHAKRAYAPALEM",2
"Vinukonda","Bollapalle","DOMALAGUNDAM",1
"Vinukonda","Bollapalle","GANDIGANUMULA",2
"Vinukonda","Bollapalle","GANGULA PALEM",2
"Vinukonda","Bollapalle","GANGUPALLI",1
"Vinukonda","Bollapalle","GANGUPALLI THADA",1
"Vinukonda","Bollapalle","GARIKAPADU",2
"Vinukonda","Bollapalle","GUMMANAM PADU",2
"Vinukonda","Bollapalle","GUTLAPALLI",1
"Vinukonda","Bollapalle","HANUMAPURAM",1
"Vinukonda","Bollapalle","JAYANTHI RAMAPURAM",2
"Vinukonda","Bollapalle","KHANDRIKA",1
"Vinukonda","Bollapalle","LALIPURAM",2
"Vinukonda","Bollapalle","MALAPADU",1
"Vinukonda","Bollapalle","MANNEPALLI THANDA",1
"Vinukonda","Bollapalle","MARRIPALEM",2
"Vinukonda","Bollapalle","MEKKALA DINNE",1
"Vinukonda","Bollapalle","MELLAVAGU",2
"Vinukonda","Bollapalle","MOVVA CHINTHALA PALEM",1
"Vinukonda","Bollapalle","NAIDUPALEM",1
"Vinukonda","Bollapalle","NEHRUNAGAR THANDA",1
"Vinukonda","Bollapalle","PALUKURU",1
"Vinukonda","Bollapalle","PAMIDIPADU",2
"Vinukonda","Bollapalle","PERUREPADU",2
"Vinukonda","Bollapalle","RAVULAPURAM",2
"Vinukonda","Bollapalle","REDDYPALEM",1
"Vinukonda","Bollapalle","REMIDICHARLA",2
"Vinukonda","Bollapalle","SANGINEDUPALEM",1
"Vinukonda","Bollapalle","SARIGUNDA PALEM",1
"Vinukonda","Bollapalle","SEETHARAMAPURAM THANDA",1
"Vinukonda","Bollapalle","VADDEMGUNTA",2
"Vinukonda","Bollapalle","VELLATURU",2
"Vinukonda","Ipur","Agnigundala",7
"Vinukonda","Ipur","Angaluru",9
"Vinukonda","Ipur","Bhadrupalem",5
"Vinukonda","Ipur","Bodepudi vari palem",3
"Vinukonda","Ipur","Boggaram",5
"Vinukonda","Ipur","Bommarajupalli",11
"Vinukonda","Ipur","Chittapuram",3
"Vinukonda","Ipur","Gopuvaripalem",5
"Vinukonda","Ipur","Gundepalli",5
"Vinukonda","Ipur","Inumella",11
"Vinukonda","Ipur","Ipuru",18
"Vinukonda","Ipur","Kondaya Palem",8
"Vinukonda","Ipur","Kondramutla",6
"Vinukonda","Ipur","Kotcherlla",20
"Vinukonda","Ipur","Kuchinapalli",8
"Vinukonda","Ipur","Muppalla",14
"Vinukonda","Ipur","Ponugotivari palem",2
"Vinukonda","Ipur","Udijerlla",10
"Vinukonda","Ipur","Upparapalem",8
"Vinukonda","Ipur","Vanikunta",8
"Vinukonda","Ipur","Yarrabalem",4
"Vinukonda","Nuzendla","BHUMAIPALEM",1
"Vinukonda","Nuzendla","BURRIPALEM",2
"Vinukonda","Nuzendla","CHINTALA CHERUVU",3
"Vinukonda","Nuzendla","GANDHI NAGAR",2
"Vinukonda","Nuzendla","GURRAPUNAYUDU PALEM",1
"Vinukonda","Nuzendla","INAVOLU",4
"Vinukonda","Nuzendla","JADAVARIPALEM",5
"Vinukonda","Nuzendla","JANGALAPALLI",4
"Vinukonda","Nuzendla","KAMMAMPADU",3
"Vinukonda","Nuzendla","KAMMAVARI PALEM",1
"Vinukonda","Nuzendla","KONDALARAYUDU PALEM",4
"Vinukonda","Nuzendla","KONDRAPOLU",5
"Vinukonda","Nuzendla","KOTHA KOTHA PALEM",6
"Vinukonda","Nuzendla","KOTHACHERUKUMPALEM",1
"Vinukonda","Nuzendla","KOTHAREDDY PALEM",1
"Vinukonda","Nuzendla","LASHMIPURAM",4
"Vinukonda","Nuzendla","LINGAMUKKALAPALLI",1
"Vinukonda","Nuzendla","MARELLAVARI PALEM",2
"Vinukonda","Nuzendla","MEKAPADU",1
"Vinukonda","Nuzendla","MUKELLAPADU",1
"Vinukonda","Nuzendla","MUKELLAPATA",1
"Vinukonda","Nuzendla","MULAKULURU",3
"Vinukonda","Nuzendla","MUPPARAJU VARI PALEM",7
"Vinukonda","Nuzendla","MURTUNJAYAPURAM",1
"Vinukonda","Nuzendla","NUZENDLA",3
"Vinukonda","Nuzendla","PADAVARAM",5
"Vinukonda","Nuzendla","PAMIDIPADU",2
"Vinukonda","Nuzendla","PATA REDDYPALEM",4
"Vinukonda","Nuzendla","PATACHERUKUMPALEM",4
"Vinukonda","Nuzendla","PATAREDDYPALEM",2
"Vinukonda","Nuzendla","PATHA KOTA PALEM",1
"Vinukonda","Nuzendla","PUVVADA",2
"Vinukonda","Nuzendla","RAMUTAPALEM",1
"Vinukonda","Nuzendla","RAMUTAPALEM PANDA",1
"Vinukonda","Nuzendla","RAVVARAM",2
"Vinukonda","Nuzendla","T.ANNAVARAM",1
"Vinukonda","Nuzendla","TANGIRALA",1
"Vinukonda","Nuzendla","THALARLAPALLI",1
"Vinukonda","Nuzendla","THELLAPADU",1
"Vinukonda","Nuzendla","TIMMAPURAM",2
"Vinukonda","Nuzendla","TRIPURAPURAM",5
"Vinukonda","Nuzendla","UPPALAPADU",4
"Vinukonda","Nuzendla","V.APPAPURAM",6
"Vinukonda","Nuzendla","VEEGIREDDY PALEM",2
"Vinukonda","Savalyapuram","Bondilipalem",3
"Vinukonda","Savalyapuram","Chintakancherla",3
"Vinukonda","Savalyapuram","Guntupalem",4
"Vinukonda","Savalyapuram","Inklapudi",3
"Vinukonda","Savalyapuram","Kanamaylapudi",3
"Vinukonda","Savalyapuram","Karumanchi",4
"Vinukonda","Savalyapuram","Kothaluru",3
"Vinukonda","Savalyapuram","Mathukumalli",4
"Vinukonda","Savalyapuram","Mundruvaripalam",3
"Vinukonda","Savalyapuram","Pitchikalapalem",2
"Vinukonda","Savalyapuram","Potluru",4
"Vinukonda","Savalyapuram","Sanampudi",3
"Vinukonda","Savalyapuram","Savalyapuram",3
"Vinukonda","Savalyapuram","Valpur",3
"Vinukonda","Savalyapuram","Vayyakallu",4
"Vinukonda","Vinukonda","(unknown)",5
"Vinukonda","Vinukonda","BRAHMANPALLI",1
"Vinukonda","Vinukonda","GANDHI NAGAR",1
"Vinukonda","Vinukonda","UMMADIVARAM",1
"Vinukonda","Vinukonda","UPPARAPALEM",1
"Vinukonda","Vinukonda","YENUGUPALUM",1